"Case Number","Case Record Type","Case Type","Implementer","Account Name","Subject","Release Target","Complexity Cause (SE)","Release Actual","Case Last Modified Date","Cluster","Status","Time Estimate","Time Spent - Communication","Time Spent - Engineering"
"00126176","Strategic  Integration","UI Migration","Andriy Feshchyn","Lloyds Pharmacy","LLoydsPharmacy UI migration","5.1.5","","","2/20/2012","","Assigned","","0.000","4.000"
"00126173","Support Team","","Andriy Feshchyn","Bazaarvoice","SCI for Clarins UK, FR and US","5.1.4","SCI","","2/17/2012","C4","Closed","1.50","0.000","3.000"
"00126172","Support Team","","Andriy Feshchyn","Bazaarvoice","PetSmart SCI","5.1.4","SCI","","2/15/2012","C4","Closed","1.50","2.000","0.000"
"00126171","Support Team","","Andriy Feshchyn","Bazaarvoice","Mattel Autotag","5.1.4","SCI","","2/15/2012","C4","Closed","","0.000","1.500"
"00126170","Support Team","","Andriy Feshchyn","Bazaarvoice","SCI implementation","5.1.4","SCI","","2/15/2012","C4","Closed","","0.000","2.000"
"00125573","Strategic  Integration","UI Migration","Andriy Feshchyn","Free People","FreePeople: Migrate UI version to 5.1","5.1.3","","","2/7/2012","C1","Closed","","0.000","1.500"
"00125560","Support Team","","Andriy Feshchyn","Bazaarvoice","Social Commerce Insight Request","5.1.3","SCI","","2/7/2012","C4","Closed","1.50","0.000","1.500"
"00125562","Support Team","","Andriy Feshchyn","Metro PCS","Enable Social Insights","5.1.3","SCI","","2/7/2012","C6","Closed","1.50","0.000","1.500"
"00124886","Support Team","Other","Andriy Feshchyn","Bazaarvoice","SCI request","5.1.2","SCI","","2/3/2012","C4","Closed","1.50","0.000","1.500"
"00124887","Support Team","Other","Andriy Feshchyn","Bazaarvoice","SCI enablement for ZODEE","5.1.2","SCI","","2/3/2012","C4","Closed","1.50","0.000","1.500"
"00124415","Strategic  Integration","Other","Andriy Feshchyn","","Dotti SCI Request","5.1.1","","","1/25/2012","","Closed","1.50","0.000","1.500"
"00124414","Strategic  Integration","Other","Andriy Feshchyn","","Jayjays SCI Request","5.1.1","","","1/25/2012","","Closed","1.50","0.000","1.500"
"00124020","Strategic  Integration","Other","Andriy Feshchyn","Levi's","SCI Implementation for Dockers","5.1.0","","","1/20/2012","C4","Closed","1.50","0.000","1.500"
"00123157","Strategic  Integration","Other","Andriy Feshchyn","Bazaarvoice","Walmart: focusing after submittion","5.1.5","","","2/20/2012","C4","Assigned","2.00","","3.000"
"00123063","Strategic  Integration","Other","Andriy Feshchyn","CamerasDirect.com.au","Implementing SCI for CamerasDirect on their new platform","5.0.13","","","1/20/2012","C5","Closed","1.50","0.000","1.500"
"00123061","Strategic  Integration","Other","Andriy Feshchyn","Dyson UK","SCI for Dyson (dyson.com)","5.0.13","","","1/10/2012","C5","Closed","1.50","0.000","1.500"
"00123060","Strategic  Integration","Other","Andriy Feshchyn","Dyson UK","Dyson UK dyson.co.uk","5.0.13","","","1/10/2012","C5","Closed","1.50","0.000","1.500"
"00123058","Strategic  Integration","Other","Andriy Feshchyn","Dyson UK","SCI for Dyson","5.0.13","","","1/10/2012","C5","Closed","1.50","0.000","1.500"
"00123056","Strategic  Integration","Other","Andriy Feshchyn","Dyson UK","SCI for Dyson","5.0.13","","","1/10/2012","C5","Closed","1.50","0.000","1.500"
"00122949","Strategic  Integration","Other","Andriy Feshchyn","Pentland Group","Coremetrics account set up","5.0.12","","","1/10/2012","C5","Closed","1.50","0.000","1.500"
"00122826","Strategic  Integration","Other","Andriy Feshchyn","Gresvig","SCI for 5.0.12","","","","1/4/2012","C5","Closed","4.50","0.000","4.500"
"00122596","Strategic  Integration","Other","Andriy Feshchyn","CDW","SCI (Coremetrics) Request","5.0.11","","","1/4/2012","","Closed","","0.000","1.500"
"00122508","Strategic  Integration","Other","Andriy Feshchyn","Johnson's Baby (J&J)","SCI Request - Aveeno","5.0.11","","","12/28/2011","","Closed","1.50","0.000","1.500"
"00122507","Strategic  Integration","Other","Andriy Feshchyn","Trina Turk","request to implement SCI","5.0.11","","","12/28/2011","","Closed","","0.000","1.500"
"00122501","Strategic  Integration","Other","Andriy Feshchyn","Groupa Mobivia","Norauto - Enable SCI","5.0.11","","","12/28/2011","","Closed","","0.000","1.500"
"00122500","Strategic  Integration","Other","Andriy Feshchyn","Groupa Mobivia","Norauto - Enable SCI","5.0.11","","","12/28/2011","","Closed","","0.000","1.500"
"00122488","Strategic  Integration","Other","Andriy Feshchyn","White Stuff","White Stuff - Enable SCI","5.0.11","","","12/28/2011","","Closed","1.50","0.000","1.500"
"00122490","Strategic  Integration","Other","Andriy Feshchyn","Aveeno (J&J)","SCI Request - Aveeno","5.0.11","","","12/28/2011","","Closed","1.50","0.000","1.500"
"00122136","Strategic  Integration","Social Commerce Upgrade","Andriy Feshchyn","Mars Petcare (Mars)","The Nutro Company SCI Implementation","5.0.10","","","1/4/2012","","Closed","1.50","0.000","1.500"
"00122135","Strategic  Integration","Social Commerce Upgrade","Andriy Feshchyn","Canon Canada","SCI","5.0.10","","","12/28/2011","","Closed","1.50","0.000","1.500"
"00122134","Strategic  Integration","Social Commerce Upgrade","Andriy Feshchyn","Embrace Home Loans","Enable SCI","5.0.10","","","12/28/2011","","Closed","1.50","0.000","1.500"
"00122133","Strategic  Integration","Social Commerce Upgrade","Andriy Feshchyn","Ashford.com, Inc.","Enable SCI for Ashford.com","5.0.10","","","12/28/2011","C1","Closed","1.50","0.000","1.500"
"00121670","Strategic  Integration","Social Commerce Upgrade","Andriy Feshchyn","Audio-Technica U.S., Inc.","Update review submission form","","","","1/10/2012","","Closed","","0.500","4.000"
"00121632","Strategic  Integration","Other","Andriy Feshchyn","Adidas (EMEA)","SCI for Adidas DE","5.0.9","","","12/12/2011","","Closed","","0.000","1.500"
"00121631","Strategic  Integration","Other","Andriy Feshchyn","Adidas (EMEA)","SCI for Adidas Canada","5.0.9","","","12/12/2011","","Closed","1.50","0.000","1.500"
"00121630","Strategic  Integration","Other","Andriy Feshchyn","Adidas (EMEA)","SCI for Adidas FR","5.0.9","","","12/12/2011","","Closed","1.50","0.000","1.500"
"00117521","Strategic  Integration","PIE","Andriy Feshchyn","Wagner Spray Tech Corporation","WL PIE for Wagner","","","","1/20/2012","","Closed","","0.500","0.500"
"00114701","Strategic  Integration","PIE","Andriy Feshchyn","Dollar Tree, Inc","white label PIE for DollarTree","5.1.4","","","2/17/2012","C4","In Progress","3.00","2.000","27.500"
"00114527","Strategic  Integration","PIE","Andriy Feshchyn","Lloyds Pharmacy","PIE implementation for Lloydspharmacy","5.1.5","","","2/20/2012","","In Progress","","1.500","8.000"
"00126465","Strategic  Integration","Other","Andriy Ivaskevych","Bazaarvoice","skullcandy: submission issue","5.1.4","","","2/15/2012","C4","Closed","2.00","0.500","1.500"
"00126426","Strategic  Integration","Other","Andriy Ivaskevych","Bazaarvoice","Report Tool","5.2.4","","","2/21/2012","C4","In Progress","20.00","1.000","7.000"
"00125922","Support Team","Other","Andriy Ivaskevych","Bazaarvoice","Social Insights for JTV","5.1.5","SCI","","2/20/2012","C4","In Progress","3.00","0.500","3.500"
"00125897","Strategic  Integration","Social Commerce Upgrade","Andriy Ivaskevych","Cutco Knives (Vector Marketing)","Enable Hosted Authentication","5.1.5","","","2/21/2012","C4","In Progress","18.00","0.000","20.000"
"00125831","Strategic  Integration","Other","Andriy Ivaskevych","Bazaarvoice","ModernTeachingAids: QA tab issue","5.1.4","","","2/9/2012","C4","Closed","1.00","0.500","0.500"
"00125555","Strategic  Integration","Other","Andriy Ivaskevych","Bazaarvoice","UI Notes Merger Tool","5.1.5","","","2/20/2012","C4","Assigned","8.00","","12.000"
"00125374","Strategic  Integration","Other","Andriy Ivaskevych","Bazaarvoice","Debenhams: Formatting issue","5.1.3","","","2/3/2012","C4","Closed","2.00","","2.000"
"00125302","Strategic  Integration","Social Commerce Upgrade","Andriy Ivaskevych","Cutco Knives (Vector Marketing)","uiVersion Migration, setup Exact Target template for Hosted Authentication","5.1.3","","","2/9/2012","C4","Closed","10.00","0.000","10.000"
"00125106","Strategic  Integration","Other","Andriy Ivaskevych","Bazaarvoice","SCI Request for Audio Technica","5.1.3","","","2/1/2012","C4","Closed","1.50","0.000","1.500"
"00125078","Support Team","","Andriy Ivaskevych","Alberto-Culver Company","Changes to review form","5.1.3","Minor UI Change","","2/9/2012","","Closed","4.00","0.000","4.000"
"00124729","Strategic  Integration","Other","Andriy Ivaskevych","Bazaarvoice","Nokiacom: Facebook Connect and Login Issues","5.1.2","","","1/31/2012","C4","Closed","10.00","0.000","8.000"
"00124572","Strategic  Integration","Other","Andriy Ivaskevych","Bazaarvoice","Restaurant.com: change properties","5.1.2","","","1/31/2012","C4","Closed","3.00","0.000","3.000"
"00124417","Strategic  Integration","Other","Andriy Ivaskevych","Bazaarvoice","Goertz : new JS migration","5.1.1","","","1/31/2012","C4","Closed","3.00","0.000","3.000"
"00124329","Strategic  Integration","Other","Andriy Ivaskevych","Bazaarvoice","Allowing Customers to Comment on Reviews","5.1.1","","","1/31/2012","C4","Closed","3.00","0.000","3.000"
"00123406","Strategic  Integration","Other","Andriy Ivaskevych","Bazaarvoice","crateandbarrel & cb2 Hosted Authentication","5.1.2","","","2/1/2012","C4","Closed","15.00","0.750","26.000"
"00123046","Strategic  Integration","Other","Andriy Ivaskevych","Bazaarvoice","Stockmann-fi: issue with submission content with UI 5.0","5.0.13","","","1/5/2012","C4","Closed","2.00","","2.000"
"00123038","Strategic  Integration","Other","Andriy Ivaskevych","Bazaarvoice","Petco: investingate functional issue","5.0.13","","","1/5/2012","C4","Closed","1.00","0.000","1.000"
"00122938","Strategic  Integration","Other","Andriy Ivaskevych","Bazaarvoice","MarcOPolo: migration to main display","5.2.1","","","2/15/2012","C4","Assigned","3.00","","3.000"
"00122682","Strategic  Integration","Other","Andriy Ivaskevych","Bazaarvoice","Karenmillen: lightbox to center","5.0.12","","","12/29/2011","C4","Closed","2.00","","2.000"
"00122618","Strategic  Integration","Other","Andriy Ivaskevych","Bazaarvoice","Footlocker, Eastbay, CCS: Enable Facebook Connect for Staging Environments","5.0.12","","","1/6/2012","C4","Closed","8.00","","8.000"
"00122617","Strategic  Integration","Other","Andriy Ivaskevych","Bazaarvoice","Issue with Play image on Video play thumbnail","5.0.13","","","1/12/2012","C4","Closed","1.50","","1.500"
"00122592","Strategic  Integration","Other","Andriy Ivaskevych","Bazaarvoice","Rayovac: TS issues","5.0.11","","","1/5/2012","C4","Closed","3.00","","3.000"
"00122589","Strategic  Integration","Other","Andriy Ivaskevych","Bazaarvoice","Dixons-nl (R&R, A&A): Results of Weekly Release Testing on Staging","5.0.11","","","12/28/2011","C4","Closed","0.50","","0.500"
"00122583","Strategic  Integration","Other","Andriy Ivaskevych","Bazaarvoice","Lululemon, Bestbuy: Issue with id attribute","5.0.10","","","12/28/2011","C4","Closed","0.25","","0.250"
"00122582","Strategic  Integration","Other","Andriy Ivaskevych","Bazaarvoice","Vintage Tub: GUI issues with Facebook Connect","5.0.11","","","1/5/2012","C4","Closed","2.00","","1.000"
"00122581","Strategic  Integration","Other","Andriy Ivaskevych","Bazaarvoice","WilliamsSonoma: TS issue","5.0.11","","","1/5/2012","C4","Closed","1.00","","1.000"
"00122527","Support Team","","Andriy Ivaskevych","Bazaarvoice","BassProShops (PRR): TS issues","5.0.11","Feature Request/ Disable (No-Design)","5.0.11","12/28/2011","C4","Closed","1.00","","1.000"
"00119074","Strategic  Integration","PIE","Andriy Ivaskevych","Brown Shoe Co.","We would like to implement PIE on our 3 sites","5.1.4","","","2/17/2012","C1","Closed","1.00","0.500","1.500"
"00127083","Strategic  Integration","Other","Anna Hordiyenko","Bazaarvoice","Walmart - UI migration 5.0 -> 5.1","5.1.5","","","2/21/2012","C4","In Progress","4.00","0.000","2.000"
"00126600","Strategic  Integration","UI Migration","Anna Hordiyenko","Bazaarvoice","DRL: migrate to 5.1 defaultui","5.1.5","","","2/17/2012","C4","In Progress","6.00","0.000","5.000"
"00126345","Support Team","","Anna Hordiyenko","Bazaarvoice","GA Social insight request","5.1.4","SCI","5.1.4","2/17/2012","C4","Closed","3.00","0.000","1.500"
"00124834","Support Team","","Anna Hordiyenko","Rosetta Stone","Removing authentication from UK site","5.1.2","Feature Request/ Disable (No-Design)","","2/6/2012","C4","Closed","1.00","0.300","1.000"
"00122777","Support Team","PIE","Anna Hordiyenko","Bilka","Getting company reviews","5.0.13","Feature Request/ Disable (No-Design)","","1/19/2012","C5","Closed","2.00","1.000","2.000"
"00122714","Strategic  Integration","Other","Anna Hordiyenko","Bazaarvoice","Golfsmith migration to 5.0","5.0.12","","","1/20/2012","C4","Closed","","0.000","4.500"
"00122715","Strategic  Integration","Other","Anna Hordiyenko","Bazaarvoice","B&Q DIY migration to 5.1","5.1.5","","","2/20/2012","C4","New","6.00","0.000","3.000"
"00121487","Strategic  Integration","Other","Anna Hordiyenko","3M Company (3M)","Migration of Social Alerts from Exact Target to Epsilon","5.1.5","","","2/21/2012","C4","In Progress","","4.000","43.000"
"00121080","Strategic  Integration","Feature Adoption","Anna Hordiyenko","Home Made Simple (P&G)","Home Made Simple Feature Updates","","","","1/26/2012","C4","Closed","","0.250","5.500"
"00120393","Strategic  Integration","Freemarker Migration","Anna Hordiyenko","PetSmart","Freemarker Migration - PetSmart","5.0.8","","","12/13/2011","C4","Closed","24.00","0.250","37.500"
"00116320","Strategic  Integration","PIE","Anna Hordiyenko","CVS","WL PIE for CVS","5.1.5","","","2/21/2012","","In Progress","3.00","1.500","17.000"
"00115261","Support Team","","Anna Hordiyenko","B&Q plc (GBP)","RE: B&Q","5.0.11","Feature Request/ Disable (Design Required)","","1/20/2012","C5","Closed","4.00","8.000","24.000"
"00114184","Strategic  Integration","PIE","Anna Hordiyenko","Guthy-Renker Scandinavia","Proactiv FI - PIE with eCircle","5.0.9","","","2/9/2012","C5","Closed","","0.250","2.750"
"00114185","Strategic  Integration","PIE","Anna Hordiyenko","Guthy-Renker Scandinavia","Proactiv DK - PIE with eCircle","5.0.9","","","2/9/2012","C5","Closed","","0.250","2.750"
"00114183","Strategic  Integration","PIE","Anna Hordiyenko","Guthy-Renker Scandinavia","Proactiv NO - PIE with eCircle","5.0.9","","","2/9/2012","C5","Closed","","0.250","3.750"
"00111144","Strategic  Integration","PIE","Anna Hordiyenko","Guthy-Renker Scandinavia","Proactiv SE - PIE with eCircle","5.0.9","","","2/9/2012","C5","Closed","","3.000","22.250"
"00126338","Strategic  Integration","Other","Anton Starykov","Bazaarvoice","BlueNile: migrate to 5.1","5.1.4","","","2/20/2012","C4","Closed","4.00","0.000","4.000"
"00125864","Support Team","","Anton Starykov","Duracell (P&G)","Enable SCI for Duracell US","5.1.3","SCI","5.1.3","2/10/2012","C1","Closed","2.00","0.000","2.000"
"00125848","Support Team","","Anton Starykov","Group Publishing","Group - SCI Request","5.1.3","SCI","5.1.3","2/10/2012","C4","Closed","2.00","0.000","2.000"
"00125817","Support Team","","Anton Starykov","TRIA Beauty","SCI Tria","5.1.3","SCI","5.1.3","2/9/2012","C4","Closed","2.00","0.000","1.000"
"00125529","Strategic  Integration","UI Migration","Anton Starykov","Clarins Groupe USA Inc","upgrade ui version to 5.1","5.1.3","","","2/10/2012","C5","Closed","5.00","0.000","5.000"
"00125375","Support Team","Routine Request","Anton Starykov","Bazaarvoice","WSJWine - Change of GA details","5.1.3","SCI","5.1.3","2/9/2012","C4","Closed","2.00","0.000","2.000"
"00125254","Support Team","","Anton Starykov","Lifetime Brands, Inc.","Mikasa SCI set up","5.1.3","SCI","5.1.3","2/9/2012","","Closed","3.00","0.000","2.000"
"00125015","Strategic  Integration","Other","Anton Starykov","Bazaarvoice","ZumbaFitness : migrate to 5.1","5.1.2","","","2/2/2012","C4","Closed","4.00","0.000","4.000"
"00124774","Strategic  Integration","UI Migration","Anton Starykov","Bazaarvoice","Lending Tree Migrate to latest","5.1.2","","","2/2/2012","C4","Closed","4.00","","4.000"
"00123992","Strategic  Integration","PIE","Anton Starykov","Gina Tricot","PIE implementation","5.1.2","","","2/17/2012","C5","In Progress","2.00","0.250","2.000"
"00123536","Support Team","","Anton Starykov","baumarkt direkt GmbH","PIE Tracking","5.1.3","Social Alerts","5.1.3","2/10/2012","","Closed","2.00","4.500","3.500"
"00123172","Strategic  Integration","Other","Anton Starykov","Bazaarvoice","Customer Investigation","5.0.13","","","1/16/2012","C4","Closed","","0.000","21.000"
"00122552","Strategic  Integration","Other","Anton Starykov","Bazaarvoice","Petco: migrate to 5.0","5.1.0","","","1/20/2012","C4","Closed","0.00","0.000","7.500"
"00122524","Strategic  Integration","Other","Anton Starykov","Bazaarvoice","ITGC-SV_SE: migrate to 5.0","5.0.12","","","1/6/2012","C4","Closed","0.00","0.000","5.000"
"00122523","Strategic  Integration","Other","Anton Starykov","Bazaarvoice","ITGCHungary: migrate to 5.0","5.0.12","","","1/6/2012","C4","Closed","0.00","0.000","4.000"
"00122044","Strategic  Integration","Other","Anton Starykov","Bazaarvoice","Enviedeplus: migrate to 5.0 defaultui","5.0.10","","","12/26/2011","C4","Closed","3.00","0.000","3.000"
"00122041","Support Team","","Anton Starykov","CardsDirect LLC","CardsDirect LLC: migrate to 5.0","5.0.11","Feature Request/ Disable (No-Design)","5.0.11","1/25/2012","C1","Closed","4.00","0.000","4.000"
"00121969","Support Team","","Anton Starykov","RioGrande.com","Migration 4.9 -> 5.0","5.0.10","Feature Request/ Disable (No-Design)","5.0.10","1/23/2012","","Closed","4.00","0.000","4.000"
"00121687","Strategic  Integration","Other","Anton Starykov","Bazaarvoice","Petco: fix ftl errors.","5.0.10","","","12/26/2011","C4","Closed","0.00","0.000","3.000"
"00121475","Support Team","","Anton Starykov","Procter & Gamble ITGC (P&G WE)","New ratings ID for enviedeplus.com","5.0.9","Feature Request/ Disable (No-Design)","5.0.9","1/23/2012","C5","Closed","2.00","0.250","2.000"
"00121408","Support Team","","Anton Starykov","Bazaarvoice","darty: migrate to 5.0 defaultui","5.0.9","Feature Request/ Disable (No-Design)","5.0.9","1/23/2012","C4","Closed","4.00","0.000","4.000"
"00121264","Strategic  Integration","PIE","Anton Starykov","Canadian Tire Corporation, Limited","PIE for Mark's Work Wearhouse (Canadian Tire)","5.0.9","","","2/21/2012","C1","With Client","5.00","0.000","5.000"
"00120912","Support Team","","Anton Starykov","Travelocity","social alerts:  rejected review","5.1.3","Social Alerts","","2/20/2012","C2","In Progress","1.00","2.250","8.500"
"00120815","Support Team","","Anton Starykov","Best Buy","Add the logo to the nickname ActiontecCustomerCare","5.0.9","Feature Request/ Disable (Design Required)","5.0.9","12/16/2011","C3","Closed","1.50","0.250","2.000"
"00120723","Support Team","","Anton Starykov","Cabela's Incorporated","Please enable photo/hosted video in staging","5.1.4","Feature Request/ Disable (Design Required)","","2/20/2012","C4","In Progress","1.00","1.750","9.000"
"00119855","Support Team","","Anton Starykov","Generac","Broken Functionality","5.1.5","Integration Fix","","2/20/2012","","In Progress","1.00","1.000","14.500"
"00113835","Support Team","","Anton Starykov","Cyberport GmbH","Links in average view of rating","5.0.10","Feature Request/ Disable (Design Required)","5.0.10","12/26/2011","C5","Closed","1.00","3.500","6.500"
"00110226","Support Team","","Anton Starykov","Alberto-Culver Company","Re: Staging Reviews Showing up in google","5.1.5","Feature Request/ Disable (No-Design)","4.8.5","2/21/2012","","Closed","1.00","2.000","6.000"
"00108154","Support Team","","Anton Starykov","Cyberport GmbH","Collection of pending answers for users","5.1.5","Social Alerts","","2/20/2012","C5","In Progress","1.00","0.750","7.000"
"00127063","Support Team","","Dmytro Gunko","Thomas Pink UK","Thomas Pink - Enable SCI","5.1.5","SCI","","2/21/2012","","In Progress","3.00","0.250","1.000"
"00126472","Support Team","","Dmytro Gunko","Native Remedies","Native Remedies - Implement SCI","5.1.5","SCI","5.1.5","2/16/2012","","Closed","3.00","0.250","2.500"
"00126186","Support Team","","Dmytro Gunko","The Rockport Company LLC","SCI Request","5.1.5","","5.1.5","2/21/2012","C2","Closed","3.00","0.000","3.000"
"00125939","Support Team","","Dmytro Gunko","Mitsubishi Digital Electronics America","SCI Request for Mitsubishi","5.1.4","SCI","","2/13/2012","C2","Closed","2.00","0.500","2.500"
"00125924","Support Team","","Dmytro Gunko","Reckitt Benckiser (UK)","SCI Implementation","5.1.4","SCI","","2/10/2012","C5","Closed","2.00","1.500","2.000"
"00125706","Support Team","","Dmytro Gunko","Expedia","SE Review Form There are inconsistent translations of ""review"" in Swedish.","","Minor UI Change","","2/16/2012","C2","Closed","1.50","1.250","3.000"
"00125653","Strategic  Integration","UI Migration","Dmytro Gunko","Hanes Brands Inc.","update to the latest ui version","5.1.4","","","2/9/2012","C1","Closed","3.00","0.500","3.000"
"00125576","Strategic  Integration","UI Migration","Dmytro Gunko","Bazaarvoice","matrixdirect: migrate to 5.1 defaultui","","","","2/16/2012","C4","Closed","3.00","0.500","4.000"
"00125559","Support Team","","Dmytro Gunko","Matrix Direct Insurance Services","Enable SCI","5.1.3","SCI","","2/13/2012","C4","Closed","3.00","0.750","2.500"
"00125523","Support Team","","Dmytro Gunko","The Land of Nod","Post to Facebook Option","5.1.5","Minor UI Change","5.1.4","2/10/2012","C1","Closed","","1.000","1.500"
"00125428","Support Team","","Dmytro Gunko","Cabela's Incorporated","RLP messed up","5.1.4","Minor UI Change","5.1.4","2/20/2012","C4","Closed","0.20","1.000","1.000"
"00125295","Support Team","","Dmytro Gunko","Vitacost.com","Updating the Vitacost Website","5.1.3","Minor UI Change","5.1.4","2/10/2012","C1","Closed","3.00","1.500","1.000"
"00125274","Support Team","","Dmytro Gunko","Apparel Group","Enable SCI for http://www.sportscraft.com.au","5.1.3","SCI","","2/3/2012","C5","Closed","2.50","0.000","3.000"
"00125242","Support Team","","Dmytro Gunko","Macys.com","Facebook like button flickering","5.1.5","Invalid","5.1.5","2/20/2012","C2","Closed","3.00","1.000","3.500"
"00124851","Support Team","","Dmytro Gunko","Best Buy","Product Family product image - any way to resize, use smaller image or eliminate?","5.1.4","Minor UI Change","","2/16/2012","C3","Closed","2.50","1.000","1.500"
"00124481","Support Team","","Dmytro Gunko","Lorex Corp","Lorex syndication strategy change","5.1.1","Feed Edit","5.1.1","1/27/2012","C4","Closed","0.50","0.500","0.750"
"00124413","Strategic  Integration","UI Migration","Dmytro Gunko","Bazaarvoice","legalzoom: migrate to 5.1 defaultui","5.1.2","","","1/26/2012","C4","Closed","3.00","0.000","4.500"
"00124369","Support Team","","Dmytro Gunko","LegalZoom.com, Inc.","""Review summary"" text change","5.1.1","Minor UI Change","5.1.1","1/27/2012","","Closed","1.00","0.500","0.750"
"00124219","Support Team","","Dmytro Gunko","The Home Depot","Product Families","5.1.5","Feature Request/ Disable (No-Design)","","2/21/2012","C2","In Progress","3.00","2.000","2.000"
"00124067","Support Team","","Dmytro Gunko","1800 Petmeds","Cancel Delivery of 1800 Petmeds Feed","5.1.1","Feed Edit","","1/26/2012","C4","Closed","0.50","0.000","1.000"
"00123993","Support Team","","Dmytro Gunko","Big Fish Games","Questions Regarding Reviews in REMOD Status","5.1.1","Invalid","","1/25/2012","","Closed","1.00","0.500","0.500"
"00123963","Support Team","","Dmytro Gunko","Cisco Systems, Inc.","Remove the ""enter contest"" checkbox","5.1.1","Invalid","5.1.1","1/19/2012","C1","Closed","1.50","0.750","1.500"
"00123550","Support Team","","Dmytro Gunko","Under Armour, Inc.","Under Armour- Ask & Answer","5.1.0","Invalid","5.1.0","1/19/2012","C4","Closed","3.00","0.500","2.000"
"00123403","Strategic  Integration","Other","Dmytro Gunko","Bazaarvoice","Customer Investigation","5.0.13","","","1/16/2012","C4","Closed","24.00","0.000","23.000"
"00123158","Support Team","","Dmytro Gunko","Bazaarvoice","DaveRamsey: migrate to 5.0","5.0.13","Data Migrations","5.0.13","1/12/2012","C4","Closed","3.00","0.000","3.750"
"00123076","Strategic  Integration","Other","Dmytro Gunko","Bazaarvoice","VitaCost, Gonsi: migrate to 5.1 defaultui","","","","1/24/2012","C4","Closed","4.50","0.000","3.500"
"00123070","Strategic  Integration","Other","Dmytro Gunko","Bazaarvoice","Vitacost (PRR): Results of weekly release testing","","","","1/6/2012","C4","Closed","1.50","0.000","0.750"
"00123059","Strategic  Integration","Other","Dmytro Gunko","Bazaarvoice","Intuit (PRR): Results of major release testing on production","","","","1/10/2012","C4","Closed","1.00","0.000","1.000"
"00122957","Strategic  Integration","Other","Dmytro Gunko","Bazaarvoice","intuit: Migrate UI version 4.7 -> 5.0","","","","1/30/2012","C4","Closed","3.00","0.000","3.500"
"00122805","Strategic  Integration","Other","Dmytro Gunko","Bazaarvoice","Arcteryx Migrate UI version to 5.0","","","","1/6/2012","C4","Closed","3.00","0.000","5.000"
"00122655","Support Team","","Dmytro Gunko","Bazaarvoice","havertys: migrate to 5.0","5.0.12","Invalid","5.0.12","1/4/2012","C4","Closed","3.00","0.000","3.000"
"00122526","Strategic  Integration","Other","Dmytro Gunko","Bazaarvoice","llbean migrate to 5.0","","","","12/29/2011","C4","Closed","3.00","0.000","8.000"
"00122502","Strategic  Integration","Other","Dmytro Gunko","Bazaarvoice","Exito: migration to 5.0","","","","12/27/2011","C4","Closed","3.00","0.000","4.000"
"00122322","Strategic  Integration","Other","Dmytro Gunko","Bazaarvoice","Americangolf  mairation to 5.0","","","","12/26/2011","C4","Closed","3.00","0.000","3.500"
"00122321","Strategic  Integration","Other","Dmytro Gunko","Bazaarvoice","Americangolf (PRR, A&A): Active Tabs Issue from BVC-103685","","","","1/4/2012","C4","Closed","2.00","0.000","1.000"
"00121544","Strategic  Integration","Other","Dmytro Gunko","Bazaarvoice","Enable Hosted Authentication for remingtonproducts","5.0.10","","","12/20/2011","C4","Closed","8.00","1.000","15.500"
"00121491","Support Team","","Dmytro Gunko","Evans Cycles","phone number wrong","5.0.9","Text Change","","12/20/2011","C5","Closed","1.00","1.000","0.250"
"00118287","Strategic  Integration","PIE","Dmytro Gunko","The Golf Warehouse","Enable PIE for TGW","5.0.10","","","1/30/2012","","Closed","6.00","0.500","6.500"
"00115718","Strategic  Integration","PIE","Dmytro Gunko","In The Swim","PIE for Specialty Pool Products","5.1.5","","","2/21/2012","C1","In Progress","8.00","2.250","20.250"
"00126809","Support Team","","Igor Gubernat","Home Decorators Collection","Total # Reviews & Star Color on PIP","5.1.5","Minor UI Change","5.1.5","2/21/2012","C4","In Progress","0.50","0.250","0.000"
"00126801","Strategic  Integration","UI Migration","Igor Gubernat","Bazaarvoice","pharmavite: migrate ui version 4.9 -> 5.1","5.1.5","","","2/20/2012","C4","In Progress","2.00","0.000","2.000"
"00126792","Strategic  Integration","UI Migration","Igor Gubernat","Bazaarvoice","loblaw: migrate ui version 4.8 -> 5.1","5.1.5","","","2/21/2012","C4","Ready for Release","4.00","0.000","4.000"
"00126587","Support Team","","Igor Gubernat","Bazaarvoice","Orion Telescope - Ready to implement SCI","5.1.5","SCI","5.1.5","2/21/2012","C4","Closed","2.00","0.250","2.000"
"00126536","Support Team","","Igor Gubernat","Destination Maternity Corp formerly Mothers Work, Inc.","adding new categories to dimension sliders/features","5.1.5","Minor UI Change","5.1.5","2/21/2012","C1","In Progress","1.00","0.500","0.500"
"00126375","Support Team","","Igor Gubernat","Bazaarvoice","SCI request for Sitecatalyst","5.1.5","SCI","5.1.5","2/20/2012","C4","In Progress","2.00","0.250","2.000"
"00126352","Strategic  Integration","UI Migration","Igor Gubernat","Bazaarvoice","olay-en_au: migrate UI version 4.7 -> 5.1","5.1.5","","","2/20/2012","C4","Ready for Release","4.00","0.000","4.000"
"00125847","Support Team","","Igor Gubernat","Navitor","Social Alert Email","5.1.5","Text Change","5.1.5","2/21/2012","C1","Ready for Release","0.20","1.000","0.250"
"00125803","Support Team","","Igor Gubernat","Xerox","Remove date from Client Response","5.1.5","Text Change","5.1.5","2/20/2012","C1","Ready for Release","1.00","1.750","0.500"
"00125705","Support Team","","Igor Gubernat","Bazaarvoice","SCI enablement for www.rebelsport.com.au","5.1.4","SCI","5.1.4","2/17/2012","C4","Closed","2.00","0.250","2.500"
"00125703","Support Team","","Igor Gubernat","Bazaarvoice","SCI enablement for http://www.amartallsports.com.au","5.1.4","SCI","5.1.4","2/17/2012","C4","Closed","2.50","0.250","2.000"
"00125554","Strategic  Integration","UI Migration","Igor Gubernat","Bazaarvoice","verbaudet: Migrate UI version 4.7 -> 5.1","5.1.3","","","2/14/2012","C4","Closed","9.00","0.000","9.000"
"00125068","Strategic  Integration","UI Migration","Igor Gubernat","Bazaarvoice","virginmobileaustralia: Migrate UI version 4.8 -> 5.1","5.1.5","","","2/20/2012","C4","In Progress","2.00","0.500","2.000"
"00125019","Strategic  Integration","UI Migration","Igor Gubernat","Bazaarvoice","WinderFarms: Migrate UI version to 5.1","5.1.2","","","2/6/2012","C4","Closed","2.00","0.250","2.000"
"00124943","Support Team","","Igor Gubernat","Adidas-Group","Guidelines Copy","5.1.5","Text Change","5.1.5","2/20/2012","","Awaiting Client Response","0.75","1.500","9.500"
"00124726","Strategic  Integration","UI Migration","Igor Gubernat","Bazaarvoice","skullcandy: migrate UI version 4.8 -> 5.1","5.1.5","","","2/20/2012","C4","In Progress","3.00","0.000","5.000"
"00124563","Strategic  Integration","UI Migration","Igor Gubernat","Bazaarvoice","footlocker-en_gb: Migrate UI version 4.9 -> 5.0","5.1.2","","","2/6/2012","C4","Closed","2.00","0.000","1.750"
"00124533","Strategic  Integration","UI Migration","Igor Gubernat","Bazaarvoice","sallyhansen: Migrate UI version 4.9 -> 5.0","5.1.2","","","2/6/2012","C4","Closed","2.00","0.000","2.000"
"00124521","Strategic  Integration","UI Migration","Igor Gubernat","Bazaarvoice","costco: Migrate UI version 4.7 -> 5.0","5.1.1","","","2/1/2012","C4","Closed","3.00","0.000","3.000"
"00124520","Strategic  Integration","UI Migration","Igor Gubernat","Bazaarvoice","Paramountfarms: Migrate UI version 4.7 -> 5.0","5.1.1","","","2/1/2012","C4","Closed","2.50","0.000","2.500"
"00124503","Support Team","","Igor Gubernat","Pacific Coast Feather Company","Google + add to ""share this Product""","5.1.5","Feature Request/ Disable (No-Design)","5.1.5","2/20/2012","C2","Ready for Release","2.00","1.750","2.500"
"00124430","Strategic  Integration","UI Migration","Igor Gubernat","Bazaarvoice","HarleyDavidson: Migrate UI version to 5.0","5.1.1","","","2/1/2012","C4","Closed","3.00","0.000","3.000"
"00123818","Support Team","","Igor Gubernat","Bazaarvoice","Migrate Costco to 5.0","5.1.0","Invalid","","1/20/2012","C4","Closed","2.00","0.000","3.000"
"00123451","Strategic  Integration","PIE","Igor Gubernat","Skullcandy, Inc.","PIE for Skullcandy","5.1.5","","","2/20/2012","","In Progress","4.00","0.000","0.250"
"00123413","Support Team","","Igor Gubernat","Olay (P&G APAC)","Olay AU","5.1.3","Text Change","5.1.3","2/20/2012","C5","In Progress","1.00","0.750","1.250"
"00123398","Strategic  Integration","Other","Igor Gubernat","Bazaarvoice","Customer Investigation","5.0.13","","","1/20/2012","C4","Closed","","0.000","17.000"
"00123149","Strategic  Integration","Other","Igor Gubernat","Bazaarvoice","hof-en (PRR) : Found While Testing BVC-112300","5.0.13","","","1/24/2012","C4","Closed","0.50","0.000","0.250"
"00123151","Strategic  Integration","Other","Igor Gubernat","Bazaarvoice","Anneklein: TS issues","5.0.13","","","1/16/2012","C4","Closed","4.00","0.000","4.000"
"00122807","Strategic  Integration","Other","Igor Gubernat","Bazaarvoice","hof-en - UI migration 4.8 -> 5.0","5.0.12","","","1/16/2012","C4","Closed","2.50","0.000","2.500"
"00122667","Strategic  Integration","Other","Igor Gubernat","Bazaarvoice","webroot - UI migration 4.7 -> 5.0","5.0.12","","","1/20/2012","C4","Closed","2.50","0.000","2.500"
"00121846","Support Team","","Igor Gubernat","Bazaarvoice","Territoryahead (R&R): TS issues","5.0.11","QA Ticket","","1/3/2012","C4","Closed","2.00","0.000","2.750"
"00121845","Support Team","","Igor Gubernat","Bazaarvoice","Behr (PRR,Stories): Test results of testing on Production(4.8.x)","5.0.10","QA Ticket","5.0.10","12/27/2011","C4","Closed","1.00","0.000","1.000"
"00121839","Strategic  Integration","Other","Igor Gubernat","Bazaarvoice","Byggmax (PRR): Major Release Testing on Production","5.1.5","QA Ticket","","2/20/2012","C4","In Progress","2.00","0.000","0.750"
"00121768","Support Team","","Igor Gubernat","Elkjøp AS (part of DSGI)","Replace Google Buzz with Google+","5.0.10","Minor UI Change","5.0.10","1/23/2012","C5","Closed","2.00","0.000","2.500"
"00121385","Strategic  Integration","PIE","Igor Gubernat","Fujitsu America","PIE for fujitsu","5.0.13","","","2/13/2012","C4","Closed","6.00","0.000","11.000"
"00120827","Support Team","","Igor Gubernat","Schlage","Schlage: configure response email for social alerts","5.0.10","Invalid","5.0.10","12/22/2011","","Closed","1.00","0.000","1.000"
"00127069","Strategic  Integration","UI Migration","Iryna Zavalyshyna","Bazaarvoice","Bestseller: Migrate UI Version to 5.1","5.2.1","","","2/21/2012","C4","In Progress","10.00","0.000","5.500"
"00125773","Support Team","","Iryna Zavalyshyna","HP Articles (HP)","Copy Change","5.1.4","Feature Request/ Disable (No-Design)","","2/17/2012","C2","Closed","1.50","1.000","3.000"
"00125715","Support Team","","Iryna Zavalyshyna","ATK","Implement SCI Blackhawk","5.1.4","SCI","","2/17/2012","","Closed","1.50","0.500","1.500"
"00125713","Support Team","","Iryna Zavalyshyna","ATK","Implement SCI Federalpremium","5.1.3","SCI","","2/10/2012","","Closed","1.50","0.000","1.500"
"00125688","Support Team","","Iryna Zavalyshyna","Bestseller","Access to the Smart Display (Workbench)","5.1.5","","","2/21/2012","c5","In Progress","5.00","1.500","5.500"
"00125018","Strategic  Integration","UI Migration","Iryna Zavalyshyna","Bazaarvoice","GordonsJewelers: Migrate UI version 4.7 to 5.1","5.1.3","","","2/9/2012","C4","Closed","","0.500","3.750"
"00124937","Strategic  Integration","Other","Iryna Zavalyshyna","Bazaarvoice","winderfarms: Make Social Alerts and Microsite LIVE","5.1.2","","","2/2/2012","C4","Closed","","0.000","3.500"
"00124927","Strategic  Integration","Other","Iryna Zavalyshyna","Samsung Electronics America, Inc.","Samsung America SCI","5.1.3","","","2/10/2012","C4","Closed","","1.750","8.000"
"00124836","Strategic  Integration","UI Migration","Iryna Zavalyshyna","Bazaarvoice","Cvspharmacy: Migrate UI version to 5.1","5.1.2","","","2/2/2012","C4","Closed","","0.000","2.000"
"00124724","Strategic  Integration","Other","Iryna Zavalyshyna","Bazaarvoice","Fix UI issues","5.1.1","","","1/27/2012","C4","Closed","0.50","0.000","0.500"
"00124654","Strategic  Integration","UI Migration","Iryna Zavalyshyna","Bazaarvoice","CIBC: Migrate UI Version to 5.1","5.2.0","Feature Request/ Disable (No-Design)","","2/21/2012","C4","In Progress","6.00","0.000","3.000"
"00124390","Support Team","","Iryna Zavalyshyna","LegalZoom.com, Inc.","Regulatory Language on the microsite","5.1.3","Feature Request/ Disable (Design Required)","","2/9/2012","","Closed","3.50","2.000","6.500"
"00123757","Support Team","","Iryna Zavalyshyna","Under Armour, Inc.","Under Armour- Ask & Answer","5.1.0","Feature Request/ Disable (No-Design)","","1/23/2012","C4","Closed","5.00","0.500","4.500"
"00123613","Strategic  Integration","Other","Iryna Zavalyshyna","Bazaarvoice","Customer Investigation","5.0.13","","","1/23/2012","C4","Closed","","0.000","8.500"
"00123402","Strategic  Integration","Other","Iryna Zavalyshyna","Bazaarvoice","Capital One: UI migration to 5.0","5.1.1","","","1/27/2012","C4","Closed","3.00","","2.250"
"00123162","Strategic  Integration","Other","Iryna Zavalyshyna","Bazaarvoice","Reliable: UI migration to 5.0","5.0.13","","","1/12/2012","C4","Closed","3.00","","2.000"
"00123116","Support Team","","Iryna Zavalyshyna","NBTY, Inc.","Please enable NPS Text to www.puritan.com","5.1.0","Feature Request/ Disable (No-Design)","","1/23/2012","","Closed","2.00","1.500","0.750"
"00123091","Support Team","","Iryna Zavalyshyna","Bare Necessities","Write a Review header not rendering correctly","5.1.0","Feature Request/ Disable (No-Design)","","1/25/2012","","Closed","1.00","1.000","1.500"
"00123049","Strategic  Integration","Other","Iryna Zavalyshyna","Bazaarvoice","Pemco: UI migration to 5.0","5.1.1","","","1/27/2012","C4","Closed","3.00","","2.500"
"00123037","Strategic  Integration","Other","Iryna Zavalyshyna","Bazaarvoice","Palomar: UI migration to 5.0","5.1.0","","","1/23/2012","C4","Closed","3.00","","2.250"
"00122947","Support Team","","Iryna Zavalyshyna","Bazaarvoice","Lenovo: migrate UI version  to 5.0","5.0.13","Feature Request/ Disable (No-Design)","","1/12/2012","C4","Closed","3.00","0.000","1.500"
"00122830","Support Team","","Iryna Zavalyshyna","Bazaarvoice","VandenBorre-FR,VandenBorre-NL: migrate to 5.0","5.1.0","Feature Request/ Disable (No-Design)","","1/23/2012","C4","Closed","3.00","0.000","3.000"
"00122825","Support Team","","Iryna Zavalyshyna","Bazaarvoice","Barratts: migrate to 5.0","5.0.12","Feature Request/ Disable (No-Design)","","1/6/2012","C4","Closed","3.00","0.000","1.500"
"00122718","Strategic  Integration","Other","Iryna Zavalyshyna","Bazaarvoice","Kodakeurope: UI migration to 5.0","5.0.12","","","1/5/2012","C4","Closed","3.00","","1.750"
"00122716","Support Team","","Iryna Zavalyshyna","Bazaarvoice","Travelocity: migrate to 5.0","5.0.12","Feature Request/ Disable (No-Design)","","1/25/2012","C4","Closed","","0.000","1.500"
"00122717","Strategic  Integration","Other","Iryna Zavalyshyna","Bazaarvoice","Frontlineshop: UI migration to 5.0","5.0.12","","","1/6/2012","C4","Closed","3.00","","2.000"
"00122398","Support Team","","Iryna Zavalyshyna","Bazaarvoice","Yves Rocher: migrate to 5.0","5.0.12","Feature Request/ Disable (No-Design)","","1/6/2012","C4","Closed","","0.000","7.750"
"00122348","Support Team","","Iryna Zavalyshyna","Stila Cosmetics","[JIRA] (BVC-112154) PIE emails are throwing thousands of errors for StilaCosmetics client","5.0.12","Feature Request/ Disable (No-Design)","","1/5/2012","","Closed","1.00","0.000","1.000"
"00122232","Support Team","","Iryna Zavalyshyna","Motosport","UI migration to 5.0","5.0.11","Text Change","","12/29/2011","C1","Closed","","0.000","1.500"
"00121920","Strategic  Integration","Facebook Migration","Iryna Zavalyshyna","Capital One","SY4FB Migration - Capital One","5.1.0","","","1/26/2012","","In Progress","8.00","0.500","4.000"
"00121334","Support Team","","Iryna Zavalyshyna","Kodak (EMEA)","Kodak Syndication - Argos - change attribution","5.0.10","Feature Request/ Disable (No-Design)","","12/26/2011","C4","Closed","3.00","0.500","3.000"
"00121235","Support Team","","Iryna Zavalyshyna","totes>>Isotoner Corporation","Enable PII for Totes","5.0.9","Feature Request/ Disable (No-Design)","5.0.9","12/16/2011","","Closed","1.00","0.500","0.750"
"00121034","Support Team","","Iryna Zavalyshyna","My Supermarket Ltd","Rating start change size","5.0.10","Feature Request/ Disable (Design Required)","5.0.10","12/26/2011","","Closed","1.50","5.000","2.500"
"00120824","Support Team","","Iryna Zavalyshyna","DRL Ltd","Change from ticks to stars","5.0.8","Feature Request/ Disable (No-Design)","","12/16/2011","C5","Closed","3.00","1.000","2.000"
"00120111","Support Team","","Iryna Zavalyshyna","Conrad Electronic DE","Update ""Write a review"" form","5.0.10","Feature Request/ Disable (No-Design)","","1/3/2012","C5","Closed","8.00","1.000","6.500"
"00117735","Strategic  Integration","PIE","Iryna Zavalyshyna","Thermo Fisher Scientific","PIE for Thermo Fisher / Piercenet.com","5.1.5","","","2/21/2012","C2","In Progress","15.00","4.250","27.500"
"00111751","Strategic  Integration","PIE","Iryna Zavalyshyna","Academy","Academy - WL PIE","5.1.5","","","2/21/2012","C4","In Progress","6.00","3.000","6.000"
"00127078","Support Team","","Ivan Solomichev","Bazaarvoice","Energizer SCI","5.1.5","SCI","","2/21/2012","C4","In Progress","2.50","0.000","2.000"
"00126966","Strategic  Integration","Other","Ivan Solomichev","Bazaarvoice","Gonedigging: UI fix","5.1.5","","","2/21/2012","C4","Closed","0.50","0.000","0.500"
"00126935","Support Team","","Ivan Solomichev","Bazaarvoice","SCI for Palomar","5.1.5","SCI","","2/21/2012","C4","Closed","2.00","0.000","3.000"
"00126795","Strategic  Integration","Other","Ivan Solomichev","Bazaarvoice","OpenTable.com (R&R): Minor UI bug","5.1.5","","","2/21/2012","C4","Assigned","1.00","0.000","2.000"
"00126779","Strategic  Integration","Other","Ivan Solomichev","Bazaarvoice","OpenTable: migration","5.1.5","","","2/21/2012","C4","In Progress","3.00","0.000","4.500"
"00125953","Support Team","Other","Ivan Solomichev","Bazaarvoice","Crisco Recipes SCI","5.1.4","","","2/13/2012","C4","Closed","2.50","0.000","3.000"
"00125954","Support Team","Other","Ivan Solomichev","Bazaarvoice","Fellowes autotag","5.1.5","SCI","","2/20/2012","C4","In Progress","2.00","0.500","5.000"
"00125950","Support Team","Other","Ivan Solomichev","Bazaarvoice","Energizer SCI","5.1.4","SCI","","2/16/2012","C4","Closed","2.50","0.000","5.000"
"00125496","Strategic  Integration","Other","Ivan Solomichev","Bazaarvoice","Tundra: TS issue","5.1.4","","","2/14/2012","C4","Closed","0.50","0.000","1.500"
"00125472","Strategic  Integration","Other","Ivan Solomichev","Bazaarvoice","Sonsi: migrate 4.7 ->5.1","5.1.3","","","2/9/2012","C4","Closed","3.50","0.000","3.000"
"00125417","Support Team","","Ivan Solomichev","Lancome (L'Oreal)","Lancome Issue","5.1.5","Feature Request/ Disable (Design Required)","","2/21/2012","C1","In Progress","0.50","0.500","5.000"
"00124903","Strategic  Integration","Other","Ivan Solomichev","Bazaarvoice","Gonedigging : UI Version Migration to 5.1","5.1.2","","","2/3/2012","C4","Closed","3.00","0.000","3.000"
"00124794","Support Team","","Ivan Solomichev","Charming Shoppes","Sonsi - Share this Product Feature","5.1.3","Feature Request/ Disable (No-Design)","","2/9/2012","C4","Closed","3.00","0.750","6.500"
"00123437","Strategic  Integration","Other","Ivan Solomichev","Bazaarvoice","CLONE - Conrad-de: minor IE bug","5.1.0","","","1/16/2012","C4","Closed","1.00","0.000","2.000"
"00123430","Strategic  Integration","Other","Ivan Solomichev","Bazaarvoice","Goertz : UI Version Migration to 5.0","","","","1/11/2012","C4","Closed","2.00","0.000","2.000"
"00123170","Support Team","","Ivan Solomichev","Signature Gifts","Showing reviews with multiple external ID's","5.1.5","Feature Request/ Disable (No-Design)","","2/20/2012","C5","In Progress","1.00","1.000","7.250"
"00123148","Strategic  Integration","Other","Ivan Solomichev","Bazaarvoice","Northface (PRR): UI issue","","","","1/10/2012","C4","Closed","0.50","0.000","1.500"
"00122940","Strategic  Integration","Other","Ivan Solomichev","Bazaarvoice","Pharmavite: UI issues","","","","1/4/2012","C4","Closed","1.00","0.000","1.000"
"00122668","Strategic  Integration","Other","Ivan Solomichev","Bazaarvoice","walmart [ BVC-100663 ]: UI fix","","","","1/5/2012","C4","Closed","2.00","0.000","3.000"
"00122191","Strategic  Integration","PIE","Ivan Solomichev","Jarden Corporation","WL PIE for Foodsaver","5.1.4","","","2/16/2012","C1","Ready for Release","15.00","3.250","33.000"
"00121598","Strategic  Integration","PIE","Ivan Solomichev","The J.M. Smucker Company","Post interaction email on Crisco","5.1.2","","","2/17/2012","","In Progress","15.00","0.500","11.000"
"00126951","Support Team","","Pavlo Bilyk","Bazaarvoice","SCI for gluttenfreely","","SCI","","2/20/2012","C4","Closed","","0.250","1.250"
"00126787","Support Team","","Pavlo Bilyk","Bazaarvoice","GA SCI for Eileenfisher","","SCI","5.1.5","2/17/2012","C4","Closed","","0.250","1.000"
"00126376","Support Team","","Pavlo Bilyk","Bazaarvoice","SCI for Dixons, Dicksmith, Centralpoint","","SCI","","2/15/2012","C4","Closed","","1.000","3.500"
"00125658","Strategic  Integration","Other","Pavlo Bilyk","Canon U.S.A., Inc.","Canon - Mobile Microsite Implementation","5.1.5","","","2/21/2012","C4","In Progress","","2.000","6.000"
"00125612","Support Team","","Pavlo Bilyk","Bazaarvoice","SCI for Canadian Tire, Gillette, TD Mortgage, Finish","5.1.3","SCI","","2/10/2012","C4","Closed","","5.000","2.000"
"00124739","Support Team","","Pavlo Bilyk","Alternative Apparel","Update Promo Code on Success Page","5.1.5","Text Change","","2/17/2012","C1","Awaiting Client Response","2.00","1.500","1.500"
"00124633","Support Team","","Pavlo Bilyk","Bazaarvoice","arcteryx - SCI for all locales and JD sports","5.1.2","SCI","","2/6/2012","C4","Closed","4.00","0.500","10.000"
"00123716","Strategic  Integration","Other","Pavlo Bilyk","","SCI for PoulanPro, Poulan, Weedeater, JD Sports","5.1.0","","","1/23/2012","","Closed","8.00","0.000","8.500"
"00123272","Strategic  Integration","PIE","Pavlo Bilyk","Leroy Merlin","Mise en place du PIE","5.1.5","","","2/17/2012","C5","In Progress","15.00","3.000","12.000"
"00122845","Strategic  Integration","Other","Pavlo Bilyk","","SCI for Skullcandy","5.0.13","","","1/13/2012","","Closed","2.00","0.000","3.000"
"00121923","Strategic  Integration","Facebook Migration","Pavlo Bilyk","Lending Tree","SY4FB Migration - Lending Tree","5.1.0","","","1/23/2012","C1","In Progress","8.00","1.000","6.000"
"00121546","Strategic  Integration","Other","Pavlo Bilyk","","Enablin SCI for Starbucks, EJ, HS and CK","5.0.9","","","12/16/2011","","Closed","8.00","4.000","5.000"
"00120820","Strategic  Integration","PIE","Pavlo Bilyk","John Lewis Partnership plc","John Lewis - Migration of Social Alerts to Responsys","5.1.5","","","2/21/2012","","In Progress","8.00","4.000","20.000"
"00119344","Support Team","","Pavlo Bilyk","Parts Express International","Helping with verified buyer badge","5.1.0","Minor UI Change","","1/25/2012","C2","Closed","2.50","0.000","3.000"
"00104840","Support Team","","Pavlo Bilyk","Jarden Corporation","Thank You Page: Modification Need:","5.0.13","Text Change","5.0.13","1/13/2012","C1","Closed","2.00","0.500","1.500"
"00126749","Support Team","","Petro Drogomyretskyi","Bazaarvoice","SCI for Bayer","5.1.5","SCI","","2/17/2012","C4","Ready for Release","1.50","1.000","2.000"
"00126668","Support Team","","Petro Drogomyretskyi","Bazaarvoice","SCI for TivoliAudio","5.1.5","SCI","5.1.5","2/16/2012","C4","Closed","1.50","1.000","0.000"
"00125144","Support Team","","Petro Drogomyretskyi","Bazaarvoice","SCI for Zales","5.1.3","SCI","","2/9/2012","C4","Closed","1.50","0.000","2.000"
"00124890","Support Team","","Petro Drogomyretskyi","Bazaarvoice","SCI for TDMortGage","5.1.3","SCI","","2/13/2012","C4","Closed","2.50","3.500","11.000"
"00124889","Strategic  Integration","Other","Petro Drogomyretskyi","Bazaarvoice","JMBruneau-en(PRR, A&A): TS issues","5.1.2","","","2/3/2012","C4","Closed","0.50","0.500","0.500"
"00124567","Support Team","","Petro Drogomyretskyi","Bazaarvoice","SCI for SallyHansen","5.1.1","SCI","","1/25/2012","C4","Closed","1.50","0.500","2.000"
"00124531","Support Team","","Petro Drogomyretskyi","Bazaarvoice","SCI for Foot Locker Europe","5.1.1","SCI","5.1.1","1/30/2012","C4","Closed","1.50","0.500","2.000"
"00124146","Support Team","Other","Petro Drogomyretskyi","Bazaarvoice","SCI for Pharmavite","5.1.5","SCI","","2/17/2012","C4","Ready for Release","1.50","0.500","3.000"
"00123909","Strategic  Integration","Other","Petro Drogomyretskyi","Bazaarvoice","Feature investigation automation tool","5.1.5","","","2/15/2012","C4","In Progress","0.00","0.000","1.000"
"00123908","Strategic  Integration","Other","Petro Drogomyretskyi","Carhartt, Inc.","SY4FB for Carhartt","5.1.0","","","1/19/2012","C4","Closed","3.00","0.000","3.000"
"00123721","Strategic  Integration","Other","Petro Drogomyretskyi","AT Cross","SCI for AT Cross","5.1.3","","","1/20/2012","","Closed","1.50","0.000","2.000"
"00123719","Strategic  Integration","Other","Petro Drogomyretskyi","Absolute Software","SCI for Absolute","5.1.6","","","1/20/2012","","Closed","1.50","0.000","2.000"
"00123690","Support Team","","Petro Drogomyretskyi","Paramount Farms","Paramount Farms: SmartSEO Basic enabled","5.1.1","Feature Request/ Disable (No-Design)","5.1.1","1/30/2012","C4","Closed","3.00","1.000","2.000"
"00123621","Strategic  Integration","Other","Petro Drogomyretskyi","Coach","SCI for Coach","5.1.0","","","1/20/2012","C1","Closed","1.50","0.000","2.000"
"00123614","Strategic  Integration","Other","Petro Drogomyretskyi","T-Mobile USA, Inc.","SCI for T-Mobile","5.1.0","","","1/20/2012","C1","Closed","1.50","0.000","2.000"
"00123612","Strategic  Integration","Other","Petro Drogomyretskyi","Cargill","SCI for Cargill","5.1.0","","","1/20/2012","","Closed","1.50","0.000","2.000"
"00123435","Strategic  Integration","Other","Petro Drogomyretskyi","Ashford.com, Inc.","SCI for Ashford","5.0.13","","","1/13/2012","C1","Closed","1.50","0.000","2.000"
"00123163","Strategic  Integration","Other","Petro Drogomyretskyi","Wal-Mart USA","SCI for Wal-Mart USA","5.0.13","","","2/20/2012","C3","Closed","1.50","0.250","2.250"
"00123152","Strategic  Integration","Other","Petro Drogomyretskyi","Bazaarvoice","Partsexpressinternational: TS issues","5.1.5","","","2/20/2012","C4","In Progress","0.50","0.000","1.500"
"00122971","Strategic  Integration","PIE","Petro Drogomyretskyi","Redcats UK","Redcats UK","5.1.5","","","2/21/2012","","In Progress","4.00","1.750","27.500"
"00122719","Strategic  Integration","Other","Petro Drogomyretskyi","Universal Orlando","SCI for Universal Orlando","5.0.12","","","1/6/2012","","Closed","1.50","0.000","3.000"
"00122661","Strategic  Integration","Other","Petro Drogomyretskyi","SkinStore","Skinstore (R&R, A&A): TS issues","5.0.12","","","1/6/2012","C4","Closed","3.00","0.000","3.000"
"00122593","Strategic  Integration","Other","Petro Drogomyretskyi","QVC (DE)","SCI for QVC-DE","5.0.12","","","1/6/2012","C2","Closed","1.50","0.000","3.000"
"00122049","Strategic  Integration","Other","Petro Drogomyretskyi","Robert Bosch LLC (Parent)","SCI for Robert Bosch LLC","5.0.11","","","12/30/2011","","Closed","1.50","0.000","6.000"
"00121919","Strategic  Integration","Facebook Migration","Petro Drogomyretskyi","Carhartt, Inc.","SY4FB Migration - Carhartt","5.0.13","","","1/11/2012","C4","In Progress","3.00","0.000","3.000"
"00121752","Strategic  Integration","Other","Petro Drogomyretskyi","Jm-Bruneau","Jmbruneau-en: Issues from BVC-91356","5.0.11","QA Ticket","","12/30/2011","C5","Closed","2.00","","6.000"
"00121753","Strategic  Integration","Other","Petro Drogomyretskyi","Bazaarvoice","JMBruneau-en(PRR, A&A): Results of weekly release testing on production","5.1.2","QA Ticket","","2/3/2012","C4","Closed","0.00","0.500","4.000"
"00121747","Strategic  Integration","Other","Petro Drogomyretskyi","Argos Limited","Argos (PRR, A&A, Stories): Test Results of Testing on Production","5.0.11","QA Ticket","","12/30/2011","C5","Closed","2.00","0.000","14.750"
"00121056","Support Team","","Petro Drogomyretskyi","Garnet Hill Inc.","Remove Q&A from 'read all reviews' page","5.0.10","Feature Request/ Disable (No-Design)","5.0.11","12/26/2011","C4","Closed","1.00","0.000","1.000"
"00119087","Strategic  Integration","PIE","Petro Drogomyretskyi","Innovations-Club Handelsges. Mbh & Co Kg","Moving from White label to Partner PIE - Exact Target","5.1.2","","","2/7/2012","","Closed","3.00","1.500","12.500"
"00111214","Strategic  Integration","PIE","Petro Drogomyretskyi","Mamas and Papas","PIE for Mamas and Papas","5.1.5","","","2/21/2012","C5","In Progress","4.00","2.750","14.250"
"00126765","Support Team","","Roman Melnyk","HTC America","HTC America: SCI with Omniture","5.1.5","SCI","","2/21/2012","","Ready for Release","2.00","0.000","2.000"
"00126193","Strategic  Integration","UI Migration","Roman Melnyk","Bazaarvoice","QVC (http;//qvc.com): UI migrate to 5.1","5.1.5","","","2/20/2012","C4","Assigned","5.00","0.000","6.000"
"00126191","Support Team","","Roman Melnyk","Bazaarvoice","QVC (http;//qvc.com): implement SCI with Coremetrics","5.1.4","SCI","","2/15/2012","C4","Closed","2.00","0.500","2.000"
"00125928","Support Team","","Roman Melnyk","Bazaarvoice","Implement SCI with Google Analytics for Arc'teryx (arcteryx.com)","5.1.4","SCI","5.1.4","2/20/2012","C4","Closed","2.00","1.000","2.500"
"00125811","Support Team","","Roman Melnyk","Bazaarvoice","Tele2 - implement SCI with Google Analytics","5.1.4","SCI","5.1.3","2/14/2012","C4","Closed","3.00","0.000","3.000"
"00125701","Strategic  Integration","UI Migration","Roman Melnyk","Sony Electronics Asia Pacific","Migrate UI to 5.1","5.1.5","","","2/17/2012","C5","Ready for Release","","0.000","6.000"
"00125154","Strategic  Integration","UI Migration","Roman Melnyk","Absolute Software","Absolute: migrate to 5.1","5.1.4","","","2/9/2012","","Ready for Release","","0.000","6.500"
"00125013","Strategic  Integration","Other","Roman Melnyk","wanimo.com","RLP page title wrong","5.1.2","","","2/3/2012","C5","Closed","","0.500","1.500"
"00123848","Strategic  Integration","Other","Roman Melnyk","Bazaarvoice","Feature investigation automation tool","5.1.9","","","1/31/2012","C4","In Progress","","1.000","2.000"
"00123739","Support Team","","Roman Melnyk","Finish Line","Add social shares","5.1.2","Feature Request/ Disable (Design Required)","5.1.2","2/3/2012","C4","Closed","3.00","2.500","3.000"
"00123404","Strategic  Integration","Other","Roman Melnyk","Bazaarvoice","Customer Investigation","5.0.13","","","1/16/2012","C4","Closed","","0.000","23.000"
"00123153","Strategic  Integration","Other","Roman Melnyk","Barilla America, Inc.","Barilla - migrate UI to 5.0 +  bugfix","5.1.1","","","1/26/2012","C1","Closed","5.00","1.000","7.000"
"00123035","Support Team","","Roman Melnyk","Bazaarvoice","Clarksusa & Bostonshoe: migrate to 5.0","5.0.13","Data Migrations","","1/18/2012","C4","Closed","4.00","0.000","5.000"
"00122711","Support Team","","Roman Melnyk","Bazaarvoice","Living Direct, Inc: migrate to 5.0","5.0.12","Integration Fix","5.0.12","1/18/2012","C4","Closed","2.00","0.000","3.000"
"00122541","Strategic  Integration","Other","Roman Melnyk","test client","Fix UI bugs in mobile displays","5.1.5","","","1/26/2012","","In Progress","4.00","1.000","4.000"
"00121843","Strategic  Integration","Other","Roman Melnyk","Kolcraft Enterprises","Fix bugs found during weekly release testing on production","5.1.3","","","1/31/2012","C1","In Progress","4.00","0.000","2.000"
"00121840","Strategic  Integration","Other","Roman Melnyk","DDF Skincare (P&G)","Fix bugs, found during additional clients testing on Production","5.0.10","","","12/22/2011","C4","Closed","4.00","0.000","4.000"
"00121743","Support Team","","Roman Melnyk","Armstrong World Industries","Google +1 Icon","5.0.11","Text Change","5.0.11","1/5/2012","","Closed","1.00","0.250","3.000"
"00121548","Support Team","","Roman Melnyk","Promod","Mise à jour design - 2ème partie","5.0.10","Minor UI Change","","12/22/2011","C5","Closed","6.00","1.000","5.500"
"00117235","Strategic  Integration","PIE","Roman Melnyk","wanimo.com","WANIMO - White Label PIE","5.2.1","Invalid","","2/21/2012","C5","Closed","","7.500","9.500"
"00115639","Strategic  Integration","PIE","Roman Melnyk","True Value","PIE implementation for True Value","5.2.1","","","2/20/2012","C4","In Progress","","13.000","14.000"
"00115054","Strategic  Integration","PIE","Roman Melnyk","Burpee Garden Products Co.","Add PIE to Burpee.com","5.2.1","","","2/20/2012","C1","Ready for Release","4.00","15.000","25.000"
"00125615","Strategic  Integration","Other","Veronika Derkach","Benchmark Brands (Footsmart.com)","Request SCI approval","5.1.4","","","2/20/2012","C1","Closed","1.50","0.500","1.500"
"00125601","Strategic  Integration","Other","Veronika Derkach","Bazaarvoice","Hosted Authentication for Land of Nod","5.1.5","","","2/20/2012","C4","In Progress","10.00","0.000","18.000"
"00125056","Strategic  Integration","Other","Veronika Derkach","The Clarks Company North America","Clarks SCI Implementation","5.1.2","","","2/3/2012","","Closed","2.00","0.000","2.000"
"00124824","Support Team","","Veronika Derkach","Native Remedies","Review Submission Form Changes","5.1.5","Feature Request/ Disable (No-Design)","","2/21/2012","","Awaiting Client Response","4.00","1.250","5.000"
"00123626","Support Team","","Veronika Derkach","Dell","Badges creation","5.1.4","Feature Request/ Disable (Design Required)","5.1.4","2/17/2012","C2","Closed","4.00","2.500","9.000"
"00123445","Strategic  Integration","Other","Veronika Derkach","Bazaarvoice","whatfrostbelieves - png issue fix","5.0.13","","","1/17/2012","C4","Closed","","0.000","3.000"
"00123401","Strategic  Integration","Other","Veronika Derkach","Bazaarvoice","Customer Investigation","5.0.13","","","1/17/2012","C4","Closed","","0.000","22.000"
"00122952","Strategic  Integration","Other","Veronika Derkach","Bazaarvoice","Panasonik-au Customer Investigation","5.0.12","","","1/17/2012","C4","Closed","","0.000","4.000"
"00122823","Strategic  Integration","Other","Veronika Derkach","Bazaarvoice","Calphalon migration to 5.0","5.1.5","","","2/20/2012","C4","In Progress","","0.000","4.000"
"00122821","Strategic  Integration","Other","Veronika Derkach","Bazaarvoice","selectcomfort migration to 5.0","5.1.5","","","2/20/2012","C4","In Progress","","0.000","4.000"
"00122580","Strategic  Integration","Other","Veronika Derkach","Bazaarvoice","3mobile migration to 5.0","5.1.5","","","2/20/2012","C4","In Progress","","0.000","4.000"
"00122225","Strategic  Integration","Other","Veronika Derkach","Bazaarvoice","tgw migration to 5.0","5.1.5","","","2/20/2012","C4","In Progress","","0.000","8.000"
"00121973","Support Team","","Veronika Derkach","Stockmann","Typo in the review submission confirmation text","5.0.11","Minor UI Change","5.0.12","1/10/2012","C5","Closed","1.00","0.000","1.000"
"00121868","Strategic  Integration","Other","Veronika Derkach","Bazaarvoice","Ashford: display migration","5.0.12","","","1/10/2012","C4","Closed","5.00","0.000","3.000"
"00121555","Support Team","","Veronika Derkach","Ticketmaster","Ticketmaster: migrate to 5.0","5.0.9","Feature Request/ Disable (No-Design)","5.0.9","1/23/2012","C4","Closed","7.00","0.000","7.000"
"00121477","Support Team","","Veronika Derkach","Brother UK","Rejection Email - Reply to address","5.1.0","Social Alerts","5.1.0","1/20/2012","","Closed","1.00","0.000","2.000"
"00121302","Support Team","","Veronika Derkach","Bilka","read only version of reviews and q&a?","5.1.5","Feature Request/ Disable (No-Design)","","2/20/2012","C5","Awaiting Client Response","2.00","2.000","8.000"
"00119810","Support Team","","Veronika Derkach","Kelley Blue Book","ReviewOriginationID","5.0.9","Feed Edit","5.0.10","1/23/2012","C1","Closed","1.50","1.500","3.000"
"00113988","Support Team","","Veronika Derkach","Herrschners","syndicate voice for google feed matching. Ek Success","5.0.9","Feed Enablement","","1/25/2012","","AutoClosed - No Client Response","2.00","0.500","2.000"
"00126224","Support Team","","Volodymyr Tretiak","Bazaarvoice","SCI for Frigidaire","5.1.4","SCI","5.1.4","2/15/2012","C4","Closed","","1.000","5.500"
"00125159","Strategic  Integration","PIE","Volodymyr Tretiak","The Entertainer","PIE implementation request","5.1.5","","","2/17/2012","C5","In Progress","0.00","2.000","14.000"
"00124895","Strategic  Integration","UI Migration","Volodymyr Tretiak","La Redoute UK","laredoute-en: UI migration 4.7 -> 5.1","5.1.2","","","2/6/2012","","Closed","4.00","0.000","3.500"
"00124810","Strategic  Integration","UI Migration","Volodymyr Tretiak","Bazaarvoice","tdmortgage: Migrate UI version 4.9 -> 5.1","5.1.2","","","2/1/2012","C4","Closed","2.00","0.000","3.000"
"00123982","Support Team","","Volodymyr Tretiak","Carhartt, Inc.","Carhartt:  Unprovision Showcase Syndication services","5.1.2","Feature Request/ Disable (No-Design)","","2/2/2012","C4","Ready for Release","0.50","2.000","0.500"
"00123623","Strategic  Integration","Other","Volodymyr Tretiak","Coach","Coach: Migrate UI version 4.7 -> 5.0","5.0.13","","","1/17/2012","C1","Closed","5.00","0.000","3.000"
"00123429","Support Team","","Volodymyr Tretiak","Tommy Bahama","Tommy Bahama Needs to Upgrade to the 5.1 UI and SCI Version To Enable Reporting","5.1.2","Invalid","","2/2/2012","","Ready for Release","0.00","0.000","1.500"
"00123433","Strategic  Integration","Other","Volodymyr Tretiak","Home Depot Canada","Home Depot Multi-View Submission","5.1.3","","","2/13/2012","C2","Closed","30.00","0.500","3.500"
"00123146","Strategic  Integration","Other","Volodymyr Tretiak","homebase","Homebase: issue found during testing BVC-112573","5.0.13","","","1/10/2012","","Closed","3.00","0.500","2.000"
"00122941","Strategic  Integration","Other","Volodymyr Tretiak","SkinStore","Skinstore: UI migration to 5.0","5.0.12","","","1/10/2012","C4","Closed","4.00","0.000","4.000"
"00122806","Strategic  Integration","Other","Volodymyr Tretiak","Wiggle","Wiggle: UI migration 4.7 -> 5.0","5.0.12","","","1/10/2012","C5","Closed","5.00","0.500","3.000"
"00122236","Strategic  Integration","Other","Volodymyr Tretiak","Bazaarvoice","Tirebuyer: UI migration to 5.0","5.0.11","","","1/10/2012","C4","Closed","6.00","0.000","0.500"
"00122047","Strategic  Integration","Other","Volodymyr Tretiak","Eukanuba (P&G)","Eukanuba:UI migration to 5.0","5.0.10","","","1/4/2012","C4","Closed","","0.500",""
"00121960","Strategic  Integration","Other","Volodymyr Tretiak","Fujitsu America","Fujitsu: UI migration to 5.0","5.0.10","Invalid","","1/3/2012","C4","Closed","3.00","","1.000"
"00121775","Support Team","","Volodymyr Tretiak","","Wiggle (PRR, A&A): Issues found during testing BVC-95317","5.0.12","QA Ticket","","1/10/2012","","Closed","","0.500","1.000"
"00121773","Support Team","","Volodymyr Tretiak","","Eukanuba: no return link","5.0.10","QA Ticket","5.0.11","12/26/2011","","Closed","1.00","0.500","0.000"
"00121286","Support Team","","Volodymyr Tretiak","Epson America, Inc.","Epson Reivew Email Update Request","5.1.3","Minor UI Change","","2/10/2012","C1","Closed","","1.500","1.000"
"00119098","Strategic  Integration","PIE","Volodymyr Tretiak","Deals Direct","Set up White Label PIE","5.1.1","","","1/25/2012","C5","With Client","","0.500","1.000"
"00114182","Strategic  Integration","PIE","Volodymyr Tretiak","Gresvig","G-Sport/ G-Max PIE implementation","5.1.5","","","2/21/2012","C5","In Progress","0.00","2.000","12.500"
"00114041","Strategic  Integration","PIE","Volodymyr Tretiak","Gresvig","Intersport PIE implementation","5.1.5","","","2/21/2012","C5","In Progress","15.00","1.000","12.000"
"00126369","Support Team","","Yurii Vykaliuk","Bazaarvoice","SCI for Dermalogica","5.1.4","SCI","5.1.4","2/20/2012","C4","Closed","3.00","0.500","3.000"
"00126374","Support Team","","Yurii Vykaliuk","Bazaarvoice","SCI for Loblaw","5.1.4","SCI","5.1.4","2/20/2012","C4","Closed","2.00","0.500","2.500"
"00126371","Support Team","","Yurii Vykaliuk","Bazaarvoice","SCI for Paris","5.1.4","SCI","5.1.4","2/20/2012","C4","Closed","2.00","0.000","2.000"
"00125382","Support Team","","Yurii Vykaliuk","The Home Depot","Placement of page title is too high.","5.1.4","Minor UI Change","5.1.4","2/20/2012","C2","Closed","2.00","0.500","2.000"
"00124941","Support Team","PIE","Yurii Vykaliuk","Adidas-Group","Social Alert Copy","5.1.5","Social Alerts","","2/20/2012","","In Progress","8.00","0.000","7.000"
"00124566","Strategic  Integration","Other","Yurii Vykaliuk","Bazaarvoice","The Limited: Re-platforming to Demandware","5.1.1","","","1/27/2012","C4","Closed","4.50","","4.500"
"00124284","Support Team","","Yurii Vykaliuk","Horizon Hobby, Inc","Can we get the email address for the customers submitting reviews?","5.1.2","Feature Request/ Disable (No-Design)","","2/9/2012","C4","AutoClosed - No Client Response","1.00","2.000","1.000"
"00124209","Support Team","","Yurii Vykaliuk","The Body Shop UK (L'Oreal)","Smart SEO Issues - The Body Shop","5.1.4","Feature Request/ Disable (No-Design)","","2/16/2012","C4","AutoClosed - No Client Response","0.00","2.000","3.000"
"00124136","Support Team","","Yurii Vykaliuk","Optus Telco (Virgin Mobile Australia)","Social Alert Emails - HTML template update","5.1.4","Social Alerts","","2/20/2012","C5","Closed","2.00","3.500","8.000"
"00123938","Support Team","","Yurii Vykaliuk","Lowe's","Email Address to be added to support portal","5.1.2","Feature Request/ Disable (Design Required)","","2/3/2012","C4","Closed","0.00","1.500","0.000"
"00123910","Strategic  Integration","Other","Yurii Vykaliuk","Bazaarvoice","Feature investigation automation tool","","","","2/2/2012","C4","In Progress","1.00","0.000","1.000"
"00123749","Support Team","","Yurii Vykaliuk","Fingerhut","Question about data feed to ExactTarget","5.1.3","Feed Edit","","2/17/2012","C4","Awaiting Client Response","2.00","0.500","1.500"
"00123400","Strategic  Integration","Other","Yurii Vykaliuk","Bazaarvoice","Customer Investigation","5.1.0","","","1/16/2012","C4","Closed","22.50","0.000","22.500"
"00123147","Strategic  Integration","Other","Yurii Vykaliuk","Bazaarvoice","Command (R&R): TS issues","5.1.1","Feature Request/ Disable (No-Design)","","1/27/2012","C4","Closed","0.00","0.000","4.000"
"00122849","Support Team","","Yurii Vykaliuk","Bazaarvoice","1800petmeds:Migrate UI version 4.9 -> 5.0","5.0.13","Feature Request/ Disable (No-Design)","5.0.13","1/16/2012","C4","Closed","0.50","0.000","0.500"
"00122538","Strategic  Integration","Other","Yurii Vykaliuk","Bazaarvoice","Jmbruneau-en: Migrate UI version to 5.0","5.1.5","Feature Request/ Disable (No-Design)","","2/20/2012","C4","In Progress","0.00","","12.000"
"00122536","Strategic  Integration","Other","Yurii Vykaliuk","Bazaarvoice","Targetgallerydirect : Migrate UI version to 5.0","5.0.12","Feature Request/ Disable (No-Design)","","1/10/2012","C4","Closed","0.50","","3.500"
"00122399","Support Team","","Yurii Vykaliuk","Bazaarvoice","nextel.com.br : migrate to 5.0","5.0.11","Feature Request/ Disable (No-Design)","","12/30/2011","C4","Closed","3.00","0.000","3.000"
"00122298","Strategic  Integration","Other","Yurii Vykaliuk","Bazaarvoice","Grouppublishing: Migrate UI version to 5.0","5.0.11","Feature Request/ Disable (No-Design)","","12/30/2011","C4","Closed","0.00","","3.000"
"00122002","Strategic  Integration","PIE","Yurii Vykaliuk","New Era Portfolio","PIE","5.0.12","","","1/24/2012","","Closed","0.00","0.000","2.000"
"00122003","Support Team","","Yurii Vykaliuk","Bazaarvoice","Nationwide: Migrate UI version to 5.0","5.0.11","Feature Request/ Disable (No-Design)","5.0.10","12/30/2011","C4","Closed","3.00","0.000","3.000"
"00121841","Support Team","","Yurii Vykaliuk","Bazaarvoice","Davidsbridal: issues found during testing BVC-94923","5.0.10","Feature Request/ Disable (No-Design)","","12/22/2011","C4","Closed","0.00","0.000","5.000"
"00121837","Strategic  Integration","Other","Yurii Vykaliuk","Bazaarvoice","Vodafone-uk: issues found during testing BVC-95287","5.0.12","Feature Request/ Disable (No-Design)","","1/10/2012","C4","Closed","0.00","","10.500"
"00121831","Support Team","","Yurii Vykaliuk","Bazaarvoice","SearsCanada: Migrate UI version to 5.0","5.0.9","Feature Request/ Disable (No-Design)","5.0.9","12/16/2011","C4","Closed","3.00","0.000","6.000"
"00121053","Support Team","","Yurii Vykaliuk","Nationwide","Facebook R&R Banner Change","5.0.10","Feature Request/ Disable (Design Required)","5.0.10","12/22/2011","C4","Closed","2.00","3.000","7.500"
"00117116","Strategic  Integration","PIE","Yurii Vykaliuk","Leapfrog","PIE Request - Leapfrog","5.1.5","","","2/20/2012","C1","In Progress","0.00","4.500","13.000"
"00111776","Strategic  Integration","PIE","Yurii Vykaliuk","In The Swim","PIE Implementation for In the swim","5.1.5","","","2/20/2012","C1","In Progress","0.00","0.000","5.500"
"00126973","Support Team","","Zoreslav Goral","Bazaarvoice","Microcenter: Migrate UI Version to 5.1","5.1.5","Feature Request/ Disable (No-Design)","","2/20/2012","C4","In Progress","2.00","0.000","2.000"
"00126777","Support Team","","Zoreslav Goral","Bazaarvoice","Payless: Migrate UI Version to 5.1","5.1.5","Feature Request/ Disable (No-Design)","","2/20/2012","C4","Ready for Release","3.00","0.000","2.000"
"00126663","Support Team","","Zoreslav Goral","Bazaarvoice","GolfOutletsUSA: SCI implementation","5.1.5","SCI","5.1.3","2/20/2012","C4","Ready for Release","1.50","1.500","1.500"
"00126487","Support Team","","Zoreslav Goral","Bazaarvoice","GolfOutletsUsa: Migrate UI Version to 5.1","5.1.4","Feature Request/ Disable (No-Design)","5.1.4","2/20/2012","C4","Closed","2.00","0.000","3.000"
"00126349","Support Team","","Zoreslav Goral","Bazaarvoice","SCI request for Google","5.1.4","SCI","5.1.4","2/20/2012","C4","Closed","1.50","0.000","1.500"
"00126198","Support Team","","Zoreslav Goral","Bazaarvoice","Whirlpool Corporation: SCI implementation","5.1.4","SCI","5.1.4","2/16/2012","C4","Closed","4.00","0.000","4.000"
"00125940","Support Team","","Zoreslav Goral","Adidas-Group","Reduce Character Set Requirement","5.1.5","Feature Request/ Disable (No-Design)","","2/20/2012","","In Progress","1.50","0.000","4.000"
"00125606","Strategic  Integration","UI Migration","Zoreslav Goral","Elkjøp AS (part of DSGI)","Elkjop-no: Migrate UI version 4.8 -> 5.1","5.1.4","","","2/20/2012","C5","Closed","11.00","0.250","13.000"
"00125592","Support Team","","Zoreslav Goral","Bazaarvoice","NetOnNet: Migrate UI Version to 5.1","5.1.4","Feature Request/ Disable (No-Design)","5.1.4","2/20/2012","C4","Closed","3.00","0.000","4.000"
"00125589","Support Team","","Zoreslav Goral","Bazaarvoice","NetOnNet: SCI implementation","5.1.4","SCI","5.1.4","2/20/2012","C4","Closed","2.00","0.000","2.000"
"00125563","Support Team","","Zoreslav Goral","Bazaarvoice","LandofNod: Migrate UI Version to 5.1","5.1.3","Feature Request/ Disable (No-Design)","","2/9/2012","C4","Closed","3.00","0.000","7.000"
"00125025","Support Team","","Zoreslav Goral","Bazaarvoice","SCI for Musto","5.1.2","SCI","5.1.2","2/3/2012","C4","Closed","2.50","0.500","2.500"
"00124898","Support Team","","Zoreslav Goral","Bazaarvoice","Musto: Migrate UI Version to 5.1","5.1.2","Feature Request/ Disable (No-Design)","5.1.2","2/3/2012","C4","Closed","2.00","0.000","2.000"
"00124378","Support Team","","Zoreslav Goral","CIBC","Enable Microsite Web Traffic Reports","5.1.2","Feature Request/ Disable (No-Design)","5.1.2","2/3/2012","C4","Closed","0.25","0.500","1.000"
"00124174","Support Team","","Zoreslav Goral","Dollar Tree, Inc","Slaving of Emails","5.1.3","Feature Request/ Disable (No-Design)","","2/15/2012","C4","Closed","1.50","3.250","4.250"
"00123951","Support Team","","Zoreslav Goral","Bazaarvoice","Schwab-DE: Migrate UI Version to 5.1","5.1.5","Feature Request/ Disable (No-Design)","","2/16/2012","C4","In Progress","4.00","1.000","15.000"
"00123941","Strategic  Integration","Other","Zoreslav Goral","Bazaarvoice","Customer Investigation","5.1.0","","","1/17/2012","C4","Closed","1.00","0.000","1.000"
"00123631","Support Team","","Zoreslav Goral","Cornerstone Brands, Inc.","Create new display code to hide the submission via CSS","5.1.0","Feature Request/ Disable (Design Required)","5.1.0","1/23/2012","C4","Closed","3.00","0.000","3.000"
"00123452","Support Team","","Zoreslav Goral","Tundra Specialties","FB Like button / Google + button","5.1.0","Feature Request/ Disable (Design Required)","5.1.0","1/19/2012","C1","Closed","5.00","0.500","5.000"
"00123428","Support Team","","Zoreslav Goral","Bazaarvoice","Neck-nl: migrate to 5.0","5.0.13","Invalid","5.0.13","1/26/2012","C4","Closed","4.00","0.000","5.000"
"00123382","Strategic  Integration","PIE","Zoreslav Goral","Bazaarvoice","PIE Test","5.0.13","","","1/10/2012","C4","Closed","1.00","0.000","1.000"
"00123150","Strategic  Integration","UI Migration","Zoreslav Goral","Bazaarvoice","Paperchase: Migrate UI version to 5.0","5.1.1","Feature Request/ Disable (No-Design)","","1/26/2012","C4","Closed","2.00","0.000","4.000"
"00122804","Strategic  Integration","Other","Zoreslav Goral","Bazaarvoice","Paperchase: TS issues","5.0.13","","","1/13/2012","C4","Closed","1.00","0.000","4.000"
"00122720","Support Team","","Zoreslav Goral","Bazaarvoice","SmartPak: Migrate UI version to 5.0","5.0.12","Feature Request/ Disable (No-Design)","5.0.12","1/5/2012","C4","Closed","3.00","0.000","3.000"
"00122656","Strategic  Integration","Other","Zoreslav Goral","Bazaarvoice","Smartpak (R&R): TS issues","5.0.12","","","1/5/2012","C4","Closed","1.00","0.000","1.000"
"00122627","Support Team","","Zoreslav Goral","Brown Shoe Co.","Design of Promo Messaging Causing Customer Service Calls","5.1.1","Feature Request/ Disable (Design Required)","5.1.1","1/26/2012","C1","Closed","3.00","0.000","2.000"
"00122529","Strategic  Integration","Other","Zoreslav Goral","Bazaarvoice","HotShot: TS issues","5.0.12","","","1/5/2012","C4","Closed","3.00","0.000","5.000"
"00122509","Strategic  Integration","Other","Zoreslav Goral","Bazaarvoice","SweetbaySupermarket: TS issues","5.0.11","Feature Request/ Disable (No-Design)","","12/30/2011","C4","Closed","1.00","0.000","1.000"
"00122503","Strategic  Integration","Other","Zoreslav Goral","Bazaarvoice","Travelocity: photo and video are not appearing on reviews","5.0.11","Feature Request/ Disable (No-Design)","5.0.10","12/27/2011","C4","Closed","0.25","","0.250"
"00122412","Strategic  Integration","PIE","Zoreslav Goral","Telus","PIE Ready for Implementation","5.1.1","","","2/21/2012","C2","In Progress","3.00","0.500","4.500"
"00122366","Strategic  Integration","PIE","Zoreslav Goral","Wolters Kluwer (CCH Group)","PIE implementation questions","5.1.0","","","2/21/2012","C1","With Client","0.50","0.000","0.500"
"00122167","Support Team","","Zoreslav Goral","Bazaarvoice","MailLife: Migrate UI version to 5.0","5.0.10","Feature Request/ Disable (No-Design)","5.0.10","12/26/2011","C4","Closed","2.00","0.000","2.000"
"00121853","Support Team","","Zoreslav Goral","Bazaarvoice","Anntaylorloft: Migrate UI version to 5.0","5.0.10","Feature Request/ Disable (No-Design)","5.0.10","12/26/2011","C4","Closed","2.00","0.000","2.000"
"00121852","Support Team","","Zoreslav Goral","Bazaarvoice","AnnTaylor: Migrate UI version to 5.0","5.0.10","Feature Request/ Disable (No-Design)","5.0.10","12/26/2011","C4","Closed","2.00","","2.000"
"00119942","Strategic  Integration","PIE","Zoreslav Goral","Drs. Foster and Smith","PIE Implementation","5.1.0","","","2/13/2012","C4","With Client","0.00","2.000","11.000"
"00119421","Strategic  Integration","PIE","Zoreslav Goral","Musto","PIE for MUSTO - emailVision  integration","5.1.5","","","2/16/2012","","In Progress","5.00","0.000","2.000"
"00114781","Strategic  Integration","PIE","Zoreslav Goral","A&N Media","Implement White Label PIE for MailLife","5.1.5","","","2/21/2012","C5","Ready for Release","0.00","2.000","13.750"


"SS SI Performance Report"
"Copyright (c) 2000-2012 salesforce.com, inc. All rights reserved."
"Confidential Information - Do Not Distribute"
"Generated By:  Andriy Ivaskevych  2/21/2012 4:24 PM"
"Bazaarvoice, Inc."
